row_factor,MKT_RF,SMB,HML
MKT_RF,1.0,0.21806886843568513,-0.10024129792089147
SMB,0.21806886843568513,1.0,-0.22207852393633334
HML,-0.10024129792089147,-0.22207852393633334,1.0
