row_factor,MKT_RF,SMB,HML,UMD
MKT_RF,1.0,0.33204424224544143,-0.23543747619765384,0.020482845460603846
SMB,0.33204424224544143,1.0,-0.2242290359646423,-0.2580003243954189
HML,-0.23543747619765384,-0.2242290359646423,1.0,0.004471679974341724
UMD,0.020482845460603846,-0.2580003243954189,0.004471679974341724,1.0
