segment,start,end,n_months,mean_umd_pct,std_umd_pct,nw12_tstat
1992-2010,1992-07,2010-03,213,0.612562363492935,8.215126154462713,1.2595377677233692
2010-2025,2010-04,2025-12,189,0.4985759185005078,5.94977601872898,1.2557509235228415
full,1992-07,2025-12,402,0.5589717214442564,7.230440840050015,1.7586203136701215
reversal_1_1_skip0,1992-07,2025-12,402,39.288567243044014,30.076994896132415,17.18925207556065
industry_neutral_note,,,,,,
